source,trial,weight,meanV,rmsAC,firstMean,lastMean,slowRMS,bandRMS,otherRMS
W00000_2,2,0,0.00847248291340939,0.00178664471182867,0.00844703296703295,0.00844179487179487,8.89817060633445e-05,0.000189077331009437,0.00176797833309716
W00000_3,3,0,0.0239273918327409,0.00195426915222481,0.0238905494505495,0.0239904761904762,7.95505261661155e-05,0.000192362697213674,0.00193587953452425
W00305_2,2,30.5,0.0258710727699231,0.00198296007652078,0.0258919047619048,0.0258681318681319,6.46668472914306e-05,0.000241514108222481,0.00195645466956162
W00308_3,3,30.8,0.0408093767033945,0.00192794746234284,0.0408394139194138,0.0408647985347985,0.000131520689787736,0.000200669376266396,0.00190598349854992
W00808_2,2,80.8,0.117768076504953,0.00244037679355265,0.117868424908425,0.117689523809524,0.000165582773133282,0.000403053214997249,0.00238327185414417
W00811_3,3,81.1,0.130440408894,0.00236314538371568,0.130520439560439,0.130340732600732,0.000142010049057214,0.000321778732921766,0.00232368164220372
W01298_2,2,129.8,0.239499521752479,0.00259576874671425,0.239419230769231,0.23965978021978,0.000243787415690242,0.000854476691770852,0.00240951926573262
W01300_3,3,130,0.249446752769533,0.00247174908149022,0.24940021978022,0.249509010989011,0.000113367216173202,0.000367141683388015,0.00242661167625283
W01819_2,2,181.9,0.359421439528089,0.00275591400445778,0.35945663003663,0.359388937728937,0.00016110660140452,0.0010360280064278,0.00252901682681379
W01821_3,3,182.1,0.37717804053415,0.00250545600188266,0.377230293040293,0.377210952380952,7.61265748573313e-05,0.000441465431287873,0.00244497637722402
W02320_2,2,232,0.490746401851217,0.00341380174905328,0.490961428571428,0.490417472527473,0.000219743462051145,0.0022527380708135,0.00246845275719727
W02322_3,3,232.2,0.500673221129812,0.00269006148597508,0.500599926739926,0.500572124542124,0.000276089961527421,0.000775519693002066,0.00251411448084838
W02836_2,2,283.6,0.616062927241064,0.00300406116295204,0.615943186813187,0.616210732600732,0.000200599545555419,0.00157855301566018,0.00251350489731345
W02837_3,3,283.7,0.626380255305433,0.00261211229671398,0.626705457875458,0.626089377289378,0.000299060963264488,0.000630471766232947,0.00248806004400575
W03345_2,2,334.5,0.743590231908846,0.0039269887216972,0.743836117216117,0.743359853479853,0.000360285215491438,0.00289797372421843,0.00248646295445255
W03346_3,3,334.6,0.750800947094899,0.00267973245812743,0.750688754578755,0.750874908424908,0.000134901766240948,0.000953440609690092,0.0024799948932232
W03835_2,2,383.5,0.861633732595239,0.00261704239135917,0.861689633699635,0.861586483516484,0.000204432679644343,0.000805975406575184,0.00245322243524957
W03842_3,3,384.2,0.872014713054539,0.00266144432553558,0.872159377289377,0.871984505494506,0.000178944218768059,0.000841245309350425,0.00249953508820114
W04335_2,2,433.5,0.983451524867962,0.00260884919245348,0.983138498168498,0.983721135531135,0.000329041929723102,0.000670353430353689,0.00248159126045976
W04342_3,3,434.2,0.994567730775025,0.00258962383805051,0.994704212454213,0.994491465201465,0.000143399514188741,0.000637009478059042,0.0024799490303296
W04830_2,2,483,1.10176628681544,0.00259590310810792,1.10179183150183,1.10161534798535,0.000195855306399659,0.000689264433448391,0.00247750530670351
W04831_3,3,483.1,1.11103482752875,0.00257236745429845,1.11090208791209,1.1111647985348,0.000183497378055432,0.000440088637457703,0.00250593206580197
W05325_2,2,532.5,1.22926471961633,0.00257839198695923,1.22916860805861,1.2291395970696,0.000285338444837176,0.000574432360855363,0.0024740098683555
W05326_3,3,532.6,1.23145360999053,0.00253004476050459,1.23157974358974,1.23136578754579,0.000187811882561711,0.000333212260663515,0.00248182310440118
W05802_2,2,580.2,1.34155654155322,0.00251088161680128,1.34177113553114,1.3413541025641,0.000244828261990865,0.000428240365256663,0.00243563034081642
W05826_3,3,582.6,1.35434221280581,0.00249427754119508,1.35432604395605,1.35438326007326,0.000141055357512104,0.000340650291599949,0.00245193457276298
W06301_3,3,630.1,1.46831343738193,0.00257416390263353,1.46807531135531,1.46852095238095,0.000285190891663648,0.000324143872216884,0.00251958381040367
W06302_2,2,630.2,1.46612414414448,0.00279905907613361,1.46586564102564,1.46620772893773,0.000351238483359904,0.000849516492455543,0.00252656754501712
W06811_3,3,681.1,1.58907035640581,0.00252923409893371,1.58898908424908,1.58925542124542,0.000282944430978025,0.000456263048883729,0.00242788608435275
W06812_2,2,681.2,1.55952235067049,0.00267769224586913,1.55994827838828,1.55921897435898,0.000382286236658659,0.000581929344154753,0.00254450330918085
W07301_2,2,730.1,1.66262163876229,0.00277665616920096,1.66240904761905,1.66354772893773,0.00106119223388613,0.00050412642545866,0.00248068911589842
W07301_3,3,730.1,1.70492174381193,0.00254163662703112,1.70447296703297,1.70519139194139,0.000364950748595494,0.000585972684780363,0.00241136157945739
W07822_3,3,782.2,1.82668394095489,0.00258832188164764,1.8259995970696,1.82743241758242,0.000593089548958785,0.000318250008677279,0.00247754039306742
W07823_2,2,782.3,1.83537531290573,0.0025181395460972,1.83550029304029,1.83524443223443,0.000198512699393147,0.000543664248946566,0.00242760140698
W08310_3,3,831,1.94213367369174,0.00308366100888956,1.93996241758242,1.94416820512821,0.00176921228737391,0.000299707217971243,0.00243282673810052
W08311_2,2,831.1,1.85873829331253,0.00248215022709866,1.85838432234432,1.85908945054945,0.000516659220901423,0.000389380040305493,0.00236509299238013
W08804_2,2,880.4,2.06496560707525,0.00253209419067855,2.06517304029304,2.06436395604395,0.000519295438165846,0.000478124995046236,0.00236342879665368
W08805_3,3,880.5,2.03108440412556,0.00381015003471086,2.02871871794872,2.03482794871795,0.00280639436724748,0.000364918042994591,0.00245132789428515
W09288_2,2,928.8,2.14173563258383,0.00271099147280098,2.14115322344323,2.14290395604396,0.00104107602748247,0.000384387967057138,0.00244026780822326
W09298_3,3,929.8,2.18096377099543,0.00257233339077386,2.18163080586081,2.18043974358974,0.000584146658310892,0.000392868102994303,0.00244564465738905
W09783_2,2,978.3,2.29881443446848,0.0024425922581192,2.29881223443223,2.29876509157509,0.000204922214996395,0.000357133760437214,0.00234554304839934
W09783_3,3,978.3,2.30368451411944,0.00357444199232858,2.30669194139194,2.30066168498168,0.00249562920051753,0.00051107183428359,0.00242362186482733
W10267_2,2,1026.7,2.37559184580348,0.0024877361187699,2.37551326007326,2.3754221978022,0.000299898245315911,0.000446145328476622,0.00239506169893566
W10267_3,3,1026.7,2.42141217001073,0.00500048940465325,2.41756509157509,2.42441853479854,0.00437264934405677,0.000291766560165634,0.00238494337870703
