Weight_g,AverageVoltage_V,Trial,Source
0,0.0257672683368402,1,W0000_1
50,0.111553776446295,1,W0050_1
100,0.230512985320518,1,W0100_1
150,0.354895405100373,1,W0150_1
200,0.479951815112622,1,W0200_1
250,0.600596469574973,1,W0250_1
300,0.720863909739097,1,W0300_1
350,0.842228480845379,1,W0350_1
400,0.963195157339468,1,W0400_1
450,1.08211461703879,1,W0450_1
500,1.20419346470337,1,W0500_1
550,1.32195684113699,1,W0550_1
600,1.43601051839345,1,W0600_1
650,1.55970041623099,1,W0650_1
700,1.68863304223411,1,W0700_1
750,1.80858181756032,1,W0750_1
800,1.92485070559058,1,W0800_1
850,2.04378587695701,1,W0850_1
900,2.16393004096387,1,W0900_1
950,2.2838461843661,1,W0950_1
1000,2.39826781006584,1,W1000_1
0,0.00847248291340939,2,W00000_2
30.5,0.0258710727699231,2,W00305_2
80.8,0.117768076504953,2,W00808_2
129.8,0.239499521752479,2,W01298_2
181.9,0.359421439528089,2,W01819_2
232,0.490746401851217,2,W02320_2
283.6,0.616062927241064,2,W02836_2
334.5,0.743590231908846,2,W03345_2
383.5,0.861633732595239,2,W03835_2
433.5,0.983451524867962,2,W04335_2
483,1.10176628681544,2,W04830_2
532.5,1.22926471961633,2,W05325_2
580.2,1.34155654155322,2,W05802_2
630.2,1.46612414414448,2,W06302_2
681.2,1.55952235067049,2,W06812_2
730.1,1.66262163876229,2,W07301_2
782.3,1.83537531290573,2,W07823_2
831.1,1.85873829331253,2,W08311_2
880.4,2.06496560707525,2,W08804_2
928.8,2.14173563258383,2,W09288_2
978.3,2.29881443446848,2,W09783_2
1026.7,2.37559184580348,2,W10267_2
0,0.0239273918327409,3,W00000_3
30.8,0.0408093767033945,3,W00308_3
81.1,0.130440408894,3,W00811_3
130,0.249446752769533,3,W01300_3
182.1,0.37717804053415,3,W01821_3
232.2,0.500673221129812,3,W02322_3
283.7,0.626380255305433,3,W02837_3
334.6,0.750800947094899,3,W03346_3
384.2,0.872014713054539,3,W03842_3
434.2,0.994567730775025,3,W04342_3
483.1,1.11103482752875,3,W04831_3
532.6,1.23145360999053,3,W05326_3
582.6,1.35434221280581,3,W05826_3
630.1,1.46831343738193,3,W06301_3
681.1,1.58907035640581,3,W06811_3
730.1,1.70492174381193,3,W07301_3
782.2,1.82668394095489,3,W07822_3
831,1.94213367369174,3,W08310_3
880.5,2.03108440412556,3,W08805_3
929.8,2.18096377099543,3,W09298_3
978.3,2.30368451411944,3,W09783_3
1026.7,2.42141217001073,3,W10267_3
