source,trial,mass,voltage,predLinear,predPiece,cvLinear,cvPiece
W00000_2,2,0,0.00847089893944723,22.6205233697411,0.471089444862201,20.7650659248102,-10.6749710737441
W00305_2,2,30.5,0.0258732925085804,29.9327224401854,16.3004144807818,28.0572408371163,8.00334391367846
W00808_2,2,80.8,0.117775907529427,68.5486871611984,78.9013292927082,66.5674573178552,77.8824976561968
W01298_2,2,129.8,0.239489391024825,119.690687676241,125.453989485809,117.569407555826,124.260313182533
W01819_2,2,181.9,0.359430494280356,170.087963214748,173.860987737196,167.828672216156,172.266375668088
W02320_2,2,232,0.490758371167423,225.269773434253,228.65656934463,222.859369304913,226.847537533252
W02836_2,2,283.6,0.616050374441177,277.915409003457,280.933727499327,275.360836953937,278.920130749513
W03345_2,2,334.5,0.743607430331026,331.512782364829,334.155962041554,328.811436100105,331.934102189519
W03835_2,2,383.5,0.861637722826376,381.107166702831,383.403225287422,378.27000824465,380.988656731821
W04335_2,2,433.5,0.983445793492423,432.288911188641,434.226738427477,429.31159361615,431.613293169247
W04830_2,2,483,1.10175881181728,482.002092262245,483.59196692665,478.888637176294,480.785351356848
W05325_2,2,532.5,1.2292702205485,535.580285439609,536.795155530842,532.320108662603,533.780351387185
W05802_2,2,580.2,1.34156333783932,582.764003277573,583.648625017395,579.374615818741,580.450479287481
W06302_2,2,630.2,1.46611789946445,635.099778015498,635.618091119227,631.567071177703,632.216584475886
W06812_2,2,681.2,1.5595327025303,674.351139239473,674.594724154563,670.710944154063,671.040698651766
W07301_2,2,730.1,1.66258828443015,717.653396896077,717.593900581905,713.894620348825,713.871615667365
W07823_2,2,782.3,1.83537461838439,790.255367740287,789.687715598656,786.297773664775,785.683321492432
W08311_2,2,831.1,1.85871660624109,800.06328647457,799.426986732852,796.078833814677,795.384482035495
W08804_2,2,880.4,2.06498567643635,886.734151453651,885.491224858723,882.512354174226,881.111943523247
W09288_2,2,928.8,2.14171503113319,918.974562168486,917.505978440647,914.664475842718,913.001420668449
W09783_2,2,978.3,2.29881774260092,984.986533234132,983.055918415553,980.495675825015,978.294858187812
W10267_2,2,1026.7,2.37559552607594,1017.24729292368,1015.09087854562,1012.66809074339,1010.20446281122
W00000_3,3,0,0.0239299898002786,29.1161786583897,14.6066860877618,30.8896969354817,20.5299108267386
W00308_3,3,30.8,0.0408108233292883,36.2092267927618,28.734744680752,38.0039316407228,34.9795920533777
W00811_3,3,81.1,0.130445019803069,73.8720394128679,85.3153115366677,75.7792411498371,90.4977334893904
W01300_3,3,130,0.249443183330296,123.873107212629,128.060284524389,125.929659573815,129.024239489875
W01821_3,3,182.1,0.377173357386181,177.543221975219,181.264065638934,179.760084215659,182.462939269151
W02322_3,3,232.2,0.500673898042466,229.436114467205,232.793749316932,231.807978115157,234.241071108899
W02837_3,3,283.7,0.626379769611909,282.255650675709,285.243590945304,284.785283568413,286.94379740115
W03346_3,3,334.6,0.750795489056101,334.533086216652,337.155126177951,337.218869127226,339.105621876456
W03842_3,3,384.2,0.872022072367207,385.470499296016,387.736018036322,388.308429646118,389.930387337476
W04342_3,3,434.2,0.994570862407667,436.96348185948,438.868590835994,439.955219106656,441.309493645815
W04831_3,3,483.1,1.11103071414131,485.897992862685,487.460599333537,489.035894983645,490.135786430109
W05326_3,3,532.6,1.23145390813651,536.497834987473,537.706282964482,539.786876240839,540.623727471599
W05826_3,3,582.6,1.35433260027958,588.129436979266,588.976504967163,591.572699178824,592.141146652681
W06301_3,3,630.1,1.4683073583234,636.019752556332,636.531626572821,639.60606067151,639.925553239372
W06811_3,3,681.1,1.58907293780085,686.763459419911,686.920168004254,690.501336384089,690.557040864113
W07301_3,3,730.1,1.70490661534057,735.43486234315,735.250909968314,739.318118290776,739.120807429528
W07822_3,3,782.2,1.82665892315366,786.593176196849,786.051156471975,790.629239403282,790.165985144862
W08310_3,3,831,1.94204922218529,835.078278775724,834.196902045332,839.259164496035,838.543863367403
W08805_3,3,880.5,2.03098419833583,872.447290535773,871.304360560044,876.739795576997,875.830233903248
W09298_3,3,929.8,2.18099259595185,935.478347800922,933.894250750969,939.959123376393,938.721898567685
W09783_3,3,978.3,2.30380602946943,987.082529193431,985.137244076668,991.717443811172,990.211957789886
W10267_3,3,1026.7,2.42145792199929,1036.51791610013,1034.2266227463,1041.30049168229,1039.53801879524
