Source,Trial,SampleRate_Hz,DominantFrequency_Hz,PeakAmplitude_V
W00000_2,2,999.999999999999,412.264622562906,0.000177928569406534
W00000_3,3,999.999999999999,187.802032994501,0.00024561506584583
W00305_2,2,999.999999999999,9.49841693051157,0.000172573555174945
W00308_3,3,999.999999999999,225.462422929512,0.000188342178979841
W00808_2,2,999.999999999999,10.9981669721713,0.000407078407889547
W00811_3,3,999.999999999999,25.4957507082153,0.000378878828182734
W01298_2,2,999.999999999999,6.16563906015663,0.00085955849721362
W01300_3,3,999.999999999999,11.83136143976,0.00037219580359069
W01819_2,2,999.999999999999,6.16563906015663,0.000814886157664481
W01821_3,3,999.999999999999,9.99833361106481,0.000493193528879706
W02320_2,2,999.999999999999,6.33227795367438,0.00131215121563736
W02322_3,3,999.999999999999,6.66555574070988,0.000595636829500801
W02836_2,2,999.999999999999,5.99900016663889,0.00178357254226616
W02837_3,3,999.999999999999,6.16563906015663,0.00038104888363485
W03345_2,2,999.999999999999,5.99900016663889,0.0030247076315574
W03346_3,3,999.999999999999,5.99900016663889,0.000560358387289685
W03835_2,2,999.999999999999,6.16563906015663,0.000768656129869186
W03842_3,3,999.999999999999,6.16563906015663,0.000684451636711881
W04335_2,2,999.999999999999,6.33227795367438,0.000623254101531293
W04342_3,3,999.999999999999,6.99883352774537,0.000418202240268509
W04830_2,2,999.999999999999,6.33227795367438,0.000713603280589909
W04831_3,3,999.999999999999,5.3324445925679,0.000344771972952711
W05325_2,2,999.999999999999,0.333277787035494,0.000304495358930279
W05326_3,3,999.999999999999,201.799700049991,0.000275317186625058
W05802_2,2,999.999999999999,25.3291118146975,0.000336717040620501
W05826_3,3,999.999999999999,25.3291118146975,0.000276759302890017
W06301_3,3,999.999999999999,6.49891684719213,0.000330036806927033
W06302_2,2,999.999999999999,6.16563906015663,0.000933494244756028
W06811_3,3,999.999999999999,6.83219463422762,0.000414361108860988
W06812_2,2,999.999999999999,6.33227795367438,0.000493290856527106
W07301_2,2,999.999999999999,0.166638893517747,0.000881170535713276
W07301_3,3,999.999999999999,6.16563906015663,0.000583572217489632
W07822_3,3,999.999999999999,0.166638893517747,0.000600336918514502
W07823_2,2,999.999999999999,6.33227795367438,0.000633331759798889
W08310_3,3,999.999999999999,0.166638893517747,0.0013595158205338
W08311_2,2,999.999999999999,0.333277787035494,0.000300033231454129
W08804_2,2,999.999999999999,0.166638893517747,0.000550408152216878
W08805_3,3,999.999999999999,0.166638893517747,0.00302995736284372
W09288_2,2,999.999999999999,0.166638893517747,0.00123950527648163
W09298_3,3,999.999999999999,0.166638893517747,0.000364770446226213
W09783_2,2,999.999999999999,3.99933344442593,0.000304360866159325
W09783_3,3,999.999999999999,0.166638893517747,0.00229769055693517
W10267_2,2,999.999999999999,25.3291118146975,0.000358436871182823
W10267_3,3,999.999999999999,0.166638893517747,0.00628271031794402
